id;data_inversa;dia_semana;horario;uf;br;km;municipio;causa_acidente;tipo_acidente;classificacao_acidente;fase_dia
602037.0;2024-05-11;sabado;13:50:00;RJ;101;313.0;SAO GONCALO;Pista esburacada;Queda de ocupante de veiculo;Com Vitimas Feridas;Pleno dia
602264.0;2024-05-22;quarta-feira;17:20:00;RJ;101;329.0;RIO DE JANEIRO;Reacao tardia ou ineficiente do condutor;Colisao traseira;Com Vitimas Feridas;Anoitecer
602285.0;2024-05-22;quarta-feira;16:25:00;RJ;101;309.6;SAO GONCALO;Demais falhas mecanicas ou eletricas;Tombamento;Com Vitimas Feridas;Pleno dia
602297.0;2024-05-22;quarta-feira;20:30:00;RJ;101;328.0;NITEROI;Demais falhas mecanicas ou eletricas;Incendio;Sem Vitimas;Plena Noite
602403.0;2024-05-23;quinta-feira;12:30:00;RJ;101;315.0;SAO GONCALO;Condutor deixou de manter distancia do veiculo da frente;Engavetamento;Com Vitimas Feridas;Pleno dia
602502.0;2024-05-23;quinta-feira;18:55:00;RJ;101;329.0;RIO DE JANEIRO;Condutor deixou de manter distancia do veiculo da frente;Colisao traseira;Com Vitimas Feridas;Plena Noite
602609.0;2024-05-24;sexta-feira;12:30:00;RJ;101;309.0;SAO GONCALO;Reacao tardia ou ineficiente do condutor;Colisao traseira;Com Vitimas Feridas;Pleno dia
602728.0;2024-05-24;sexta-feira;19:10:00;RJ;101;316.0;SAO GONCALO;Trafegar com motocicleta (ou similar) entre as faixas;Colisao traseira;Com Vitimas Feridas;Plena Noite
602756.0;2024-05-24;sexta-feira;14:05:00;RJ;101;327.0;RIO DE JANEIRO;Suicidio (presumido);Sinistro pessoal de transito;Com Vitimas Fatais;Pleno dia
603376.0;2024-05-27;segunda-feira;08:30:00;RJ;101;319.0;SAO GONCALO;Manobra de mudanca de faixa;Colisao lateral mesmo sentido;Com Vitimas Feridas;Pleno dia
603461.0;2024-04-28;domingo;18:31:00;RJ;101;327.0;RIO DE JANEIRO;Ausencia de reacao do condutor;Tombamento;Com Vitimas Feridas;Pleno dia
603830.0;2024-05-29;quarta-feira;12:30:00;RJ;101;318.0;SAO GONCALO;Demais falhas mecanicas ou eletricas;Tombamento;Com Vitimas Feridas;Pleno dia
603883.0;2024-05-29;quarta-feira;20:38:00;RJ;101;330.0;RIO DE JANEIRO;Condutor deixou de manter distancia do veiculo da frente;Colisao lateral mesmo sentido;Com Vitimas Feridas;Plena Noite
603961.0;2024-05-30;quinta-feira;08:00:00;RJ;101;321.0;NITEROI;Ausencia de reacao do condutor;Colisao traseira;Com Vitimas Feridas;Pleno dia
604000.0;2024-05-30;quinta-feira;11:39:00;RJ;101;322.0;NITEROI;Manobra de mudanca de faixa;Colisao lateral mesmo sentido;Com Vitimas Feridas;Pleno dia
604237.0;2024-05-31;sexta-feira;12:54:00;RJ;101;307.5;SAO GONCALO;Condutor Dormindo;Colisao com objeto;Com Vitimas Feridas;Pleno dia
604409.0;2024-06-01;sabado;07:10:00;RJ;101;322.0;NITEROI;Curva acentuada;Queda de ocupante de veiculo;Com Vitimas Feridas;Pleno dia
604627.0;2024-06-02;domingo;06:40:00;RJ;101;311.0;SAO GONCALO;Estacionar ou parar em local proibido;Colisao traseira;Com Vitimas Feridas;Pleno dia
604639.0;2024-06-02;domingo;10:20:00;RJ;101;308.0;SAO GONCALO;Ausencia de reacao do condutor;Engavetamento;Com Vitimas Feridas;Pleno dia
604694.0;2024-06-02;domingo;15:30:00;RJ;101;302.0;SAO GONCALO;Reacao tardia ou ineficiente do condutor;Engavetamento;Com Vitimas Feridas;Pleno dia
604710.0;2024-06-02;domingo;07:31:00;RJ;101;313.0;SAO GONCALO;Avarias e/ou desgaste excessivo no pneu;Queda de ocupante de veiculo;Com Vitimas Feridas;Pleno dia
604811.0;2024-06-02;domingo;20:30:00;RJ;101;304.0;SAO GONCALO;Reacao tardia ou ineficiente do condutor;Colisao lateral mesmo sentido;Com Vitimas Feridas;Plena Noite
604816.0;2024-06-02;domingo;19:30:00;RJ;101;313.0;SAO GONCALO;Ausencia de reacao do condutor;Colisao traseira;Sem Vitimas;Plena Noite
604871.0;2024-06-03;segunda-feira;06:45:00;RJ;101;328.0;RIO DE JANEIRO;Condutor deixou de manter distancia do veiculo da frente;Colisao traseira;Com Vitimas Feridas;Pleno dia
604877.0;2024-06-03;segunda-feira;07:30:00;RJ;101;333.0;RIO DE JANEIRO;Mal subito do condutor;Colisao transversal;Com Vitimas Feridas;Pleno dia
604905.0;2024-06-03;segunda-feira;08:45:00;RJ;101;317.0;SAO GONCALO;Reacao tardia ou ineficiente do condutor;Queda de ocupante de veiculo;Com Vitimas Feridas;Pleno dia
604931.0;2024-06-03;segunda-feira;08:15:00;RJ;101;304.0;SAO GONCALO;Acessar a via sem observar a presenca dos outros veiculos;Colisao traseira;Com Vitimas Feridas;Pleno dia
605384.0;2024-06-05;quarta-feira;17:13:00;RJ;101;318.6;SAO GONCALO;Manobra de mudanca de faixa;Colisao traseira;Com Vitimas Feridas;Plena Noite
605474.0;2024-06-06;quinta-feira;07:00:00;RJ;101;319.0;SAO GONCALO;Reacao tardia ou ineficiente do condutor;Colisao lateral mesmo sentido;Com Vitimas Feridas;Pleno dia
605959.0;2024-06-08;sabado;09:25:00;RJ;101;323.0;NITEROI;Condutor deixou de manter distancia do veiculo da frente;Colisao traseira;Com Vitimas Feridas;Pleno dia
606062.0;2024-06-08;sabado;11:28:00;RJ;101;328.0;NITEROI;Avarias e/ou desgaste excessivo no pneu;Queda de ocupante de veiculo;Com Vitimas Feridas;Pleno dia
606131.0;2024-06-08;sabado;18:45:00;RJ;101;304.0;SAO GONCALO;Pedestre cruzava a pista fora da faixa;Atropelamento de Pedestre;Com Vitimas Fatais;Plena Noite
607034.0;2024-06-01;sabado;23:55:00;RJ;101;327.0;RIO DE JANEIRO;Ausencia de reacao do condutor;Queda de ocupante de veiculo;Com Vitimas Feridas;Plena Noite
607088.0;2024-06-13;quinta-feira;04:00:00;RJ;101;321.0;NITEROI;Velocidade Incompativel;Queda de ocupante de veiculo;Com Vitimas Feridas;Plena Noite
607316.0;2024-06-15;sabado;00:30:00;RJ;101;311.0;SAO GONCALO;Animais na Pista;Atropelamento de Animal;Com Vitimas Feridas;Plena Noite
607471.0;2024-06-14;sexta-feira;08:55:00;RJ;101;324.0;NITEROI;Acesso irregular;Tombamento;Com Vitimas Feridas;Pleno dia
607627.0;2024-06-15;sabado;09:10:00;RJ;101;331.0;RIO DE JANEIRO;Ausencia de reacao do condutor;Colisao traseira;Com Vitimas Feridas;Pleno dia
607680.0;2024-06-15;sabado;09:15:00;RJ;101;307.0;SAO GONCALO;Ausencia de reacao do condutor;Colisao traseira;Com Vitimas Feridas;Pleno dia
607776.0;2024-06-16;domingo;00:00:00;RJ;101;320.0;NITEROI;Ausencia de reacao do condutor;Colisao com objeto;Com Vitimas Feridas;Plena Noite
608033.0;2024-06-16;domingo;22:30:00;RJ;101;325.0;NITEROI;Demais falhas mecanicas ou eletricas;Colisao traseira;Com Vitimas Feridas;Plena Noite
608406.0;2024-06-14;sexta-feira;16:00:00;RJ;101;318.0;SAO GONCALO;Trafegar com motocicleta (ou similar) entre as faixas;Colisao lateral mesmo sentido;Com Vitimas Feridas;Pleno dia
608407.0;2024-06-18;terca-feira;17:40:00;RJ;101;313.0;SAO GONCALO;Trafegar com motocicleta (ou similar) entre as faixas;Queda de ocupante de veiculo;Com Vitimas Feridas;Plena Noite
608429.0;2024-06-18;terca-feira;19:07:00;RJ;101;322.0;NITEROI;Ausencia de reacao do condutor;Queda de ocupante de veiculo;Com Vitimas Feridas;Plena Noite
608557.0;2024-06-19;quarta-feira;09:10:00;RJ;101;319.0;NITEROI;Reacao tardia ou ineficiente do condutor;Colisao lateral mesmo sentido;Com Vitimas Feridas;Pleno dia
608656.0;2024-06-03;segunda-feira;19:20:00;RJ;101;322.0;NITEROI;Trafegar com motocicleta (ou similar) entre as faixas;Colisao transversal;Com Vitimas Feridas;Plena Noite
608829.0;2024-06-20;quinta-feira;18:00:00;RJ;101;313.0;SAO GONCALO;Demais falhas mecanicas ou eletricas;Queda de ocupante de veiculo;Com Vitimas Feridas;Plena Noite
608895.0;2024-06-20;quinta-feira;22:20:00;RJ;101;323.0;NITEROI;Demais falhas mecanicas ou eletricas;Queda de ocupante de veiculo;Com Vitimas Feridas;Plena Noite
609062.0;2024-06-21;sexta-feira;16:15:00;RJ;101;325.0;NITEROI;Reacao tardia ou ineficiente do condutor;Colisao traseira;Com Vitimas Feridas;Pleno dia
609093.0;2024-06-21;sexta-feira;21:00:00;RJ;101;318.0;SAO GONCALO;Ausencia de reacao do condutor;Colisao lateral mesmo sentido;Com Vitimas Feridas;Plena Noite
609097.0;2024-06-21;sexta-feira;18:20:00;RJ;101;322.0;NITEROI;Manobra de mudanca de faixa;Colisao lateral mesmo sentido;Com Vitimas Feridas;Plena Noite
609178.0;2024-06-22;sabado;06:45:00;RJ;101;324.0;NITEROI;Ingestao de alcool pelo condutor;Colisao traseira;Com Vitimas Feridas;Pleno dia
609311.0;2024-06-22;sabado;09:00:00;RJ;101;322.0;NITEROI;Condutor deixou de manter distancia do veiculo da frente;Colisao traseira;Com Vitimas Feridas;Pleno dia
609630.0;2024-06-24;segunda-feira;00:20:00;RJ;101;303.0;SAO GONCALO;Ingestao de alcool pelo condutor;Colisao com objeto;Com Vitimas Feridas;Plena Noite
609920.0;2024-06-25;terca-feira;07:40:00;RJ;101;325.0;NITEROI;Trafegar com motocicleta (ou similar) entre as faixas;Colisao traseira;Com Vitimas Feridas;Pleno dia
610047.0;2024-06-25;terca-feira;20:40:00;RJ;101;325.0;NITEROI;Ausencia de reacao do condutor;Colisao traseira;Com Vitimas Feridas;Plena Noite
610085.0;2024-06-22;sabado;18:50:00;RJ;101;319.0;NITEROI;Reacao tardia ou ineficiente do condutor;Colisao com objeto;Com Vitimas Feridas;Plena Noite
610484.0;2024-06-27;quinta-feira;22:10:00;RJ;101;324.0;NITEROI;Ausencia de reacao do condutor;Colisao traseira;Com Vitimas Feridas;Plena Noite
610485.0;2024-06-27;quinta-feira;20:30:00;RJ;101;332.2;RIO DE JANEIRO;Ausencia de reacao do condutor;Colisao traseira;Com Vitimas Feridas;Plena Noite
610658.0;2024-06-28;sexta-feira;19:00:00;RJ;101;313.0;SAO GONCALO;Reacao tardia ou ineficiente do condutor;Colisao lateral mesmo sentido;Com Vitimas Feridas;Plena Noite
610672.0;2024-06-24;segunda-feira;02:50:00;RJ;101;306.0;SAO GONCALO;Reacao tardia ou ineficiente do condutor;Saida de leito carrocavel;Com Vitimas Feridas;Plena Noite
610763.0;2024-06-29;sabado;08:15:00;RJ;101;307.0;SAO GONCALO;Reacao tardia ou ineficiente do condutor;Colisao com objeto;Com Vitimas Feridas;Pleno dia
611023.0;2024-06-30;domingo;10:30:00;RJ;101;319.0;SAO GONCALO;Chuva;Tombamento;Com Vitimas Feridas;Pleno dia
611030.0;2024-06-30;domingo;12:00:00;RJ;101;306.0;SAO GONCALO;Condutor deixou de manter distancia do veiculo da frente;Colisao traseira;Com Vitimas Feridas;Pleno dia
611084.0;2024-06-30;domingo;07:53:00;RJ;101;327.0;NITEROI;Manobra de mudanca de faixa;Colisao traseira;Com Vitimas Feridas;Pleno dia
611470.0;2024-07-02;terca-feira;10:45:00;RJ;101;322.0;NITEROI;Manobra de mudanca de faixa;Colisao lateral mesmo sentido;Com Vitimas Feridas;Pleno dia
611488.0;2024-07-02;terca-feira;13:15:00;RJ;101;309.0;SAO GONCALO;Entrada inopinada do pedestre;Atropelamento de Pedestre;Com Vitimas Feridas;Pleno dia
611585.0;2024-07-02;terca-feira;18:50:00;RJ;101;317.0;SAO GONCALO;Manobra de mudanca de faixa;Colisao lateral mesmo sentido;Com Vitimas Feridas;Plena Noite
612115.0;2024-07-05;sexta-feira;07:00:00;RJ;101;314.0;SAO GONCALO;Transitar no Acostamento;Colisao lateral sentido oposto;Com Vitimas Feridas;Pleno dia
612605.0;2024-07-06;sabado;22:30:00;RJ;101;306.0;SAO GONCALO;Ausencia de reacao do condutor;Queda de ocupante de veiculo;Com Vitimas Feridas;Plena Noite
612798.0;2024-07-07;domingo;16:10:00;RJ;101;309.0;SAO GONCALO;Condutor deixou de manter distancia do veiculo da frente;Colisao traseira;Com Vitimas Feridas;Pleno dia
612936.0;2024-07-04;quinta-feira;19:40:00;RJ;101;313.0;SAO GONCALO;Ausencia de reacao do condutor;Colisao traseira;Com Vitimas Feridas;Anoitecer
613183.0;2024-07-09;terca-feira;08:20:00;RJ;101;323.0;NITEROI;Avarias e/ou desgaste excessivo no pneu;Tombamento;Com Vitimas Feridas;Pleno dia
613342.0;2024-07-09;terca-feira;20:10:00;RJ;101;327.0;RIO DE JANEIRO;Ausencia de reacao do condutor;Colisao traseira;Com Vitimas Feridas;Plena Noite
613440.0;2024-07-10;quarta-feira;10:20:00;RJ;101;304.0;SAO GONCALO;Condutor deixou de manter distancia do veiculo da frente;Colisao traseira;Com Vitimas Feridas;Pleno dia
613492.0;2024-07-10;quarta-feira;10:30:00;RJ;101;325.0;NITEROI;Avarias e/ou desgaste excessivo no pneu;Queda de ocupante de veiculo;Sem Vitimas;Pleno dia
613575.0;2024-07-10;quarta-feira;10:35:00;RJ;101;322.0;NITEROI;Conversao proibida;Colisao traseira;Com Vitimas Feridas;Pleno dia
613799.0;2024-07-11;quinta-feira;18:40:00;RJ;101;319.0;NITEROI;Ausencia de reacao do condutor;Colisao traseira;Com Vitimas Feridas;Plena Noite
614040.0;2024-07-12;sexta-feira;19:40:00;RJ;101;319.0;NITEROI;Ausencia de reacao do condutor;Colisao lateral mesmo sentido;Com Vitimas Feridas;Plena Noite
614148.0;2024-07-13;sabado;12:40:00;RJ;101;330.0;RIO DE JANEIRO;Velocidade Incompativel;Colisao traseira;Sem Vitimas;Pleno dia
614309.0;2024-07-02;terca-feira;14:00:00;RJ;101;317.0;SAO GONCALO;Condutor deixou de manter distancia do veiculo da frente;Colisao traseira;Sem Vitimas;Pleno dia
614561.0;2024-07-15;segunda-feira;07:00:00;RJ;101;319.0;SAO GONCALO;Condutor deixou de manter distancia do veiculo da frente;Colisao traseira;Com Vitimas Feridas;Pleno dia
614620.0;2024-07-15;segunda-feira;11:10:00;RJ;101;322.0;NITEROI;Transitar na contramao;Colisao frontal;Com Vitimas Feridas;Pleno dia
614851.0;2024-07-16;terca-feira;07:40:00;RJ;101;309.0;SAO GONCALO;Ultrapassagem Indevida;Colisao lateral mesmo sentido;Com Vitimas Feridas;Pleno dia
614867.0;2024-07-16;terca-feira;14:40:00;RJ;101;304.5;SAO GONCALO;Pedestre cruzava a pista fora da faixa;Atropelamento de Pedestre;Com Vitimas Fatais;Pleno dia
615212.0;2024-07-18;quinta-feira;08:45:00;RJ;101;311.0;SAO GONCALO;Manobra de mudanca de faixa;Atropelamento de Pedestre;Com Vitimas Feridas;Pleno dia
615426.0;2024-07-19;sexta-feira;07:05:00;RJ;101;322.0;NITEROI;Manobra de mudanca de faixa;Colisao lateral mesmo sentido;Com Vitimas Feridas;Pleno dia
615685.0;2024-07-20;sabado;10:30:00;RJ;101;306.0;SAO GONCALO;Reacao tardia ou ineficiente do condutor;Colisao traseira;Com Vitimas Feridas;Pleno dia
615795.0;2024-07-20;sabado;16:50:00;RJ;101;312.0;SAO GONCALO;Entrada inopinada do pedestre;Atropelamento de Pedestre;Com Vitimas Fatais;Anoitecer
615978.0;2024-07-17;quarta-feira;17:50:00;RJ;101;318.0;SAO GONCALO;Acessar a via sem observar a presenca dos outros veiculos;Colisao lateral mesmo sentido;Com Vitimas Feridas;Anoitecer
615997.0;2024-07-21;domingo;18:50:00;RJ;101;326.0;NITEROI;Demais falhas mecanicas ou eletricas;Tombamento;Com Vitimas Feridas;Plena Noite
616015.0;2024-07-21;domingo;20:10:00;RJ;101;308.0;SAO GONCALO;Avarias e/ou desgaste excessivo no pneu;Queda de ocupante de veiculo;Com Vitimas Feridas;Plena Noite
616177.0;2024-07-22;segunda-feira;13:10:00;RJ;101;309.0;SAO GONCALO;Velocidade Incompativel;Colisao com objeto;Sem Vitimas;Pleno dia
616252.0;2024-07-22;segunda-feira;18:50:00;RJ;101;322.0;NITEROI;Manobra de mudanca de faixa;Colisao lateral mesmo sentido;Sem Vitimas;Pleno dia
616355.0;2024-07-23;terca-feira;11:00:00;RJ;101;322.0;NITEROI;Ausencia de reacao do condutor;Colisao traseira;Com Vitimas Feridas;Pleno dia
616370.0;2024-07-23;terca-feira;13:35:00;RJ;101;326.0;NITEROI;Reacao tardia ou ineficiente do condutor;Queda de ocupante de veiculo;Com Vitimas Feridas;Pleno dia
616427.0;2024-07-23;terca-feira;18:40:00;RJ;101;314.0;SAO GONCALO;Transitar no Acostamento;Atropelamento de Pedestre;Com Vitimas Feridas;Plena Noite
616449.0;2024-07-23;terca-feira;19:05:00;RJ;101;323.0;NITEROI;Demais falhas mecanicas ou eletricas;Colisao traseira;Com Vitimas Feridas;Plena Noite
616669.0;2024-07-24;quarta-feira;21:50:00;RJ;101;312.0;SAO GONCALO;Reacao tardia ou ineficiente do condutor;Colisao lateral mesmo sentido;Com Vitimas Feridas;Plena Noite
616757.0;2024-07-25;quinta-feira;06:35:00;RJ;101;308.0;SAO GONCALO;Trafegar com motocicleta (ou similar) entre as faixas;Colisao traseira;Com Vitimas Feridas;Amanhecer
616815.0;2024-07-25;quinta-feira;08:30:00;RJ;101;300.0;SAO GONCALO;Reacao tardia ou ineficiente do condutor;Tombamento;Com Vitimas Feridas;Pleno dia
616949.0;2024-07-24;quarta-feira;10:15:00;RJ;101;322.0;NITEROI;Condutor deixou de manter distancia do veiculo da frente;Colisao lateral mesmo sentido;Com Vitimas Feridas;Pleno dia
616971.0;2024-07-26;sexta-feira;11:00:00;RJ;101;308.0;SAO GONCALO;Condutor deixou de manter distancia do veiculo da frente;Engavetamento;Sem Vitimas;Pleno dia
617102.0;2024-07-26;sexta-feira;21:20:00;RJ;101;306.0;SAO GONCALO;Reacao tardia ou ineficiente do condutor;Colisao lateral mesmo sentido;Com Vitimas Feridas;Plena Noite
617205.0;2024-07-27;sabado;08:10:00;RJ;101;312.0;SAO GONCALO;Condutor deixou de manter distancia do veiculo da frente;Colisao traseira;Com Vitimas Feridas;Amanhecer
617692.0;2024-07-29;segunda-feira;13:50:00;RJ;101;302.0;SAO GONCALO;Ausencia de reacao do condutor;Colisao traseira;Sem Vitimas;Pleno dia
617719.0;2024-07-29;segunda-feira;14:35:00;RJ;101;309.0;SAO GONCALO;Ausencia de reacao do condutor;Queda de ocupante de veiculo;Com Vitimas Feridas;Pleno dia
617911.0;2024-07-30;terca-feira;16:15:00;RJ;101;321.0;NITEROI;Condutor deixou de manter distancia do veiculo da frente;Colisao lateral mesmo sentido;Com Vitimas Feridas;Pleno dia
617971.0;2024-07-30;terca-feira;22:35:00;RJ;101;306.0;SAO GONCALO;Animais na Pista;Atropelamento de Animal;Sem Vitimas;Plena Noite
617989.0;2024-07-31;quarta-feira;02:20:00;RJ;101;303.0;SAO GONCALO;Ausencia de reacao do condutor;Colisao com objeto;Sem Vitimas;Plena Noite
618132.0;2024-07-31;quarta-feira;18:00:00;RJ;101;318.0;NITEROI;Trafegar com motocicleta (ou similar) entre as faixas;Queda de ocupante de veiculo;Com Vitimas Feridas;Plena Noite
618168.0;2024-08-01;quinta-feira;00:01:00;RJ;101;313.0;SAO GONCALO;Ultrapassagem Indevida;Colisao lateral mesmo sentido;Com Vitimas Feridas;Plena Noite
618275.0;2024-08-01;quinta-feira;11:55:00;RJ;101;324.0;NITEROI;Avarias e/ou desgaste excessivo no pneu;Tombamento;Com Vitimas Feridas;Pleno dia
618380.0;2024-08-01;quinta-feira;19:30:00;RJ;101;303.0;SAO GONCALO;Acessar a via sem observar a presenca dos outros veiculos;Atropelamento de Pedestre;Com Vitimas Feridas;Plena Noite
618463.0;2024-08-02;sexta-feira;10:30:00;RJ;101;321.9;NITEROI;Demais falhas mecanicas ou eletricas;Engavetamento;Com Vitimas Feridas;Pleno dia
618475.0;2024-08-02;sexta-feira;10:45:00;RJ;101;312.9;SAO GONCALO;Manobra de mudanca de faixa;Colisao lateral mesmo sentido;Com Vitimas Feridas;Pleno dia
618543.0;2024-08-02;sexta-feira;16:55:00;RJ;101;325.0;NITEROI;Condutor deixou de manter distancia do veiculo da frente;Colisao traseira;Com Vitimas Feridas;Pleno dia
618611.0;2024-08-02;sexta-feira;20:15:00;RJ;101;318.0;SAO GONCALO;Trafegar com motocicleta (ou similar) entre as faixas;Colisao lateral mesmo sentido;Com Vitimas Feridas;Plena Noite
618627.0;2024-08-02;sexta-feira;21:45:00;RJ;101;320.7;NITEROI;Demais falhas mecanicas ou eletricas;Colisao com objeto;Com Vitimas Feridas;Plena Noite
618901.0;2024-08-03;sabado;18:35:00;RJ;101;322.2;NITEROI;Manobra de mudanca de faixa;Colisao lateral mesmo sentido;Com Vitimas Feridas;Plena Noite
618981.0;2024-08-04;domingo;08:50:00;RJ;101;322.0;NITEROI;Manobra de mudanca de faixa;Colisao lateral mesmo sentido;Com Vitimas Feridas;Pleno dia
619090.0;2024-08-04;domingo;11:00:00;RJ;101;331.0;RIO DE JANEIRO;Reacao tardia ou ineficiente do condutor;Queda de ocupante de veiculo;Com Vitimas Feridas;Pleno dia
619108.0;2024-08-04;domingo;15:30:00;RJ;101;329.0;RIO DE JANEIRO;Reacao tardia ou ineficiente do condutor;Colisao traseira;Com Vitimas Feridas;Pleno dia
619111.0;2024-08-04;domingo;17:00:00;RJ;101;333.0;RIO DE JANEIRO;Avarias e/ou desgaste excessivo no pneu;Queda de ocupante de veiculo;Com Vitimas Feridas;Pleno dia
619320.0;2024-08-05;segunda-feira;15:00:00;RJ;101;330.0;RIO DE JANEIRO;Avarias e/ou desgaste excessivo no pneu;Colisao com objeto;Com Vitimas Feridas;Pleno dia
619388.0;2024-07-17;quarta-feira;18:10:00;RJ;101;332.3;RIO DE JANEIRO;Condutor deixou de manter distancia do veiculo da frente;Colisao traseira;Com Vitimas Feridas;Anoitecer
619417.0;2024-08-06;terca-feira;08:45:00;RJ;101;322.0;NITEROI;Ausencia de reacao do condutor;Colisao traseira;Sem Vitimas;Pleno dia
619640.0;2024-08-07;quarta-feira;10:05:00;RJ;101;309.0;SAO GONCALO;Pedestre cruzava a pista fora da faixa;Atropelamento de Pedestre;Com Vitimas Fatais;Pleno dia
619844.0;2024-08-08;quinta-feira;10:30:00;RJ;101;318.0;SAO GONCALO;Condutor Dormindo;Queda de ocupante de veiculo;Com Vitimas Feridas;Pleno dia